<?xml version="1.0" encoding="UTF-8"?>
<project-private xmlns="http://www.netbeans.org/ns/project-private/1">
    <editor-bookmarks xmlns="http://www.netbeans.org/ns/editor-bookmarks/2" lastBookmarkId="0"/>
    <open-files xmlns="http://www.netbeans.org/ns/projectui-open-files/2">
        <group>
            <file>file:/Users/macbook/NetBeansProjects/HTML5Application1/Gruntfile.js</file>
            <file>file:/Users/macbook/NetBeansProjects/HTML5Application1/bower.json</file>
            <file>file:/Users/macbook/NetBeansProjects/HTML5Application1/public_html/index.html</file>
            <file>file:/Users/macbook/NetBeansProjects/HTML5Application1/package.json</file>
            <file>file:/Users/macbook/NetBeansProjects/HTML5Application1/.bowerrc</file>
            <file>file:/Users/macbook/NetBeansProjects/HTML5Application1/gulpfile.js</file>
        </group>
    </open-files>
</project-private>
